generation,best_fitness,best_distance
0,0.00776519,127.78
1,0.00802444,123.619
2,0.00805791,123.102
3,0.00823438,120.442
4,0.00823438,120.442
5,0.00823438,120.442
6,0.00823438,120.442
7,0.00823438,120.442
8,0.00823438,120.442
9,0.00823438,120.442
